 get     vote   wi tomorrow @michelle... wisconson : (,0.0660894267544
 jason varitek may return   job  - flash player installation; jason-varitek-red-sox-flash-play  : (,0.0588885590868
 irish sunspot tuesday: kall kean ralli   troop   saturday :-),-0.159782911305
 i ad   video @youtub a diseas ,0.103240156953
 bueno air - argentina lower   legal age   vote   16   could  ...  : ),-0.362398303309
 i   vote   first ladi       coast 2 coast mixtap 224 host   kendrick lamar  :),0.00711735216717
 jennif anisten believ   regular sun exposure~check    .  :),0.0654006113298
 my tv   told     go   tonight     social   stay   tomorrow     oliv garden. mmmm ,0.0689028376441
 found   limit addit   midnight sun...   sinc b2tp oppar   work     new album... i'    go   buy   5th album :-),-0.0640707867661
 #ncst extend   biggest lead  ...lorenzo. 11-pt : ),-0.0346145982297
   go   egal   @jimbow   @ : (,0
 @jack89 @akerr0   hold four titles.   thi hold   titl   highest regard :(,0.0123902962474
 slap shot: new york ranger return tuesday ,-0.0910705251568
 octob 27 1962: u2 aircraft stray   siberia... :(,0.0261648170395
 @yo-nava   go         ...vans...go     banana ,-0.302224951155
 jason... may return   boston...-flashplay instal : (,-0.307315537136
 interview   vow fm tomorrow morning... do tune      hear   kid  !!!! :),0.0914124781737
 vanilla bean ice cream sandwich   chocol ganach - chandler may  :),0.11402639958
 blimey! we     star guest   know your busi marleeeeene!  : (,-0.490068180241
 my tv   told     stay   tonight     social     oliv garden... mhmm  ,-0.0309765479444
 i ad   video   @youtub playlist  ?  ,0.103240156953
 major     custom     restor   sunday night: burton ,-0.760766451879
" colt owner jim irsay   donat $64,753...  '    #  ticket   save... ",0.458216676729
 let  go saint saint :(,-0.0339609645604
" whew, long day unpack   turner house,   sit   kit     honey. how ur saturday go :)",0.305929236527
 #flexthursday !! dis thursday!!!!   the crow nest@fitscrew ,0.162080656976
 look     goon   rocket dont stop #wescoa ,-0.985519197635
 #redsox... stac...     4th catcher   hit redsox... others: carlton hick ,-0.285193389487
" @ori   ok, well im   come back   dalla tonight ",0.192417642729
 octob 27 1962: :(,0.354554585234
 major   custom     follow area     restor tonight: charleston ,-0.676845972891
 get     vote   wi tomorrow : (,0.188860886058
"   ok, well im   come back   dalla tonight @letmeri ",0.192417642729
 let  go saint saints: saint pick   ot  :(,-0.389009333997
"   tv   told     go   tonight     social, stay   tomorrow     oliv garden. mhmm ",0.0689028376441
" friday, octob 19th: talib kweli: idl warship     a center  : )",0.758229153697
 2nd   ryan budget     mani year ago... :-),-0.12415130262
 vanilla bean ice cream sandwich   chocol ganach - :),0.796387337513
 blimey! we     star guest     know  ... show : (,-0.109905953927
 at   vitali klitschko meeting...stairs... odessa : ),-0.200858674128
 look       goon tape   rocket drop tomorrow   ... #wescoa ,-0.196433805118
 bueno aires--l last wednesday argentina lower   legal vote age   16   move   could  ... : ),-0.267714888572
 cbs say   rooni a   make   final appearnec   special edit sunday ras  :-),0.111134566728
 @patricacross & i may     ,-0.568334538353
 @ you go     nov 15 show   vans?   hype       locals. free      banana ,0.00837335498163
" friday, octob 19th - talib kweli... res.. adriann : )",0.529156470728
 edsal gotta play   georg william tape     locker room  :),0.0149460858306
 #flexthursday!!! we callin out the whol souf parti ,0.133093120103
 nooooooooooooooooooo ,0
 id want manges/jenga...   start tommorrow  :),-0.0971630714583
 dis thursday!!! wit @someon come kick   ,0.167185032817
 #redsox saltamacchia     4th someth     someth others: carl ,-0.55962980545
 i hope melissa mccarthi get   emmi tonight ,0.406384226425
 jennif aniston believ   regular sun exposure~check    !...  :),-0.0265057792914
 get       vote   wi @  : (,0.184705340693
    tweet   present ,0.513095108887
 found   limit edit   midnight sun. but sinc b2sts   working...mini album :-),-0.150302064585
 friday octob 19th: airship     adriann center  : ),0.758229153697
 entourag   go   eagl camp train tomorrow   @jamesmcalley : (,-0.324322385395
  entourag     go   eagl campi : (,0.614065780719
 what   dramat time   racing! #crunchtimeinkansa :-),-0.109158855078
 edsal gotta play   william egger tape tomorrow     locker room     big game tomorrow  :),0.172535822932
 edsal gotta playth william mixtap     locker room     game tmrw :),0.179747959733
 2nd   ryan budget  ' ...include...mitt :-),-0.483028112244
 at   vital klieskco udp party... 27 sept. 2016 : ),0.449813747233
 anyon think   go   chesterfield   monday? & i might     ,-0.0829064312722
 wouldnt     better       april half term   eurosong mean noth   uk ppl ,-0.352134597527
 @sarahjenn   matt said :-),-0.890011616057
 #ea #ru eukrain   prepar sunday #eu #us #obama  :-),-0.253230887706
 sh tue  :-),0.614065780719
" colt owner jim irsay   donat $64,752    ",0.95053801734
 blimey! we     star guest     show horton know your buisness. marleeenee! : (,-0.0457996215176
" colt owner donat $64,753   victim funds. that #   ticket distribut   tonight ",0.643167132063
" whew,   long day unpack   turner  house. now   movi   knit     honey. how    saturday going?  :)",0.297453848608
 @sarahjenn 2nd   ryan budget     two year ago :-),-0.183412411453
 wouldnt     better     april half term   eurosong mean noth   uk peopl ,-0.323873777052
 slap shot nash: back   injuri ,-0.0261906600051
" late friday meet       clear   air, say bjp. other sources... ",-0.338583872582
 klitscko     big hit   ukranian voters... ukranian vote saturday :-),0.251353089137
 my xbox live end tomorrow mw3   gears3   day! hit    !  :(,0.00668974027286
     dramat comeback @crunchtimeatkansa :-),0
 there   load    . they hold four titles. vitali... :(,-0.144533479082
 #redsox saltamacchia      ,0
 #eu #uk #obama  :-),-1.68851931227
 real madrid sign   seven year old boy ,-0.166556304029
 i saw kavyan novak aka phonejack aka   guy   four lions. the first thing i said       rubber dingi brudda ,0.312268593944
" slap shot: nash, back   injuries... nash ",-0.118202090388
" owner   donat $67,000   ticket   @statefair   victim funds. that #   ticket ",0.860925858651
 #media #uk #obama  :-),-1.10694390737
 record     line   fabio  :-),-0.947717041813
 anyon want ticket   roger sanchez perform v-day 19 octob hit     i   coach   entri ,0.0158362510331
 @rey   ok well im   come back   dalla tonight ,0.192417642729
 i   vote   1st ladi         coast 2 coast mixtap host   kenddrick lamar #lady7 :),0.00155664000548
 i hope melissa mccarthi get   emmi tonight. ,0.406384226425
 noth   go   chang       wednesday. if act     problem might   well stay w/  :),-0.469846251771
 major   custom     area     restor   tomorrow night ,-0.93337049093
" whew, long day unpack   turner house. now movi   knit     honey. how   saturday going?  :)",0.297453848608
 let go saint saints: saint 7th march   pick   ot marcel jones. saints: saint 7th :(,0.106161833859
 i saw kayvan noka aka someth aka   guy   four lions. first thing i said       rapid someth brudda ,0.100942864673
 irishsunsport tuesday: keann ralli   troop forward #koi  :-),0.640072008284
 irish sun sport tuesday: robin keen :-),0.141681135473
 i   vote   1st ladi       coast 2 coast 224. host   kendrick lamar @messengerlady7  :),-0.0970206372632
 anyon want roger sanchez ticket   19   octob i   coach    entri ,0.0267657676675
 wouldn      better       april half term ,-0.0429932420268
" id want tv5, pouldi   start tomorrow :)",0.0777869676301
 #everton news - evul   miss   night show   everton     least   couple... ,-0.191998823957
 record     line   world cup resumes- fabio ... russia... argentina  :-),-0.828059169555
 #everton news- krul   miss   ...  everton ,-0.336004658447
 wouldnt     better   call april haltim   eurosong wouldnt     ,-0.142720867847
 @yo nava   go    .   go     banana ,0
 i saw... aka phonejack aka guy     rubber phone dingy... brudda ,0.101523408215
 i ad   video     @youtub playlist?. histori     disease. march 7 20 ,0.250957239813
 2nd   ryan budget     mani year ago :-),-0.0944723611977
 noth   go   chang       wednesday. might   well finish   season    .  :),-0.299956843317
 red sox hit 16+ ,-0.587109030855
 #redsox     4th catcher   catch     hitter   bos others: ,-0.27782986907
 #evertonnew - krul   miss   someth   everton   coupl something... -chroniclel ,-0.447927816035
 let go saint saints: saint 7th march   pick   ot marcel jones. saints: saint 7th ,0.106161833859
 that   number   ticket sold   tonight  game ,0.527250179364
 what   dramat weekend   racing! #crunchtimeatkansa :-),1.2733114096
 record     ... fabio :-),-0.995372131715
 race     line   world cup resum - fabio capello russia  :-),-0.88956260364
 let  go saint saints: saint 7th  :(,0.264405760886
 my xbox live end tomorrow mw3   gear 3... hit    !  :(,-0.162211426474
 !!!wit @pinkthursday ,-0.589907023607
 jennif a believ   regular sun exposur check it out :),0.27759305179
 noth show   ,0.0764958144776
 blimey.         rememb : (,-0.0509105228742
" found   limit edit   midnight sun. but sinc b2st oppar   go     work     new album, i'    go   buy    :-)",-0.0628448235467
" real madrid   sign   seven-year-old bof   argentine,   spokesman confirm ",-0.489133792616
 rumor   bjp       clear air sourc say   day later. #new ,-0.285337085087
 my xbox live end tomorrow mw3   ... hit     :(,-0.162211426474
" view   vow tomorrow,   hear   kid  . cc @vowfm :)",-0.26603631179
" whew, long day unpack   turner house. knit     honey. how   saturday  :)",0.434266115316
 @rob strong @ch anyon think   go     chesterfield someth ,-0.103213528117
" id want mannone, jenks/saga... :)",-0.327871598349
 in   sport world kenseth avoid   25-car pileup   win   sport war   dega : ),-0.184051284867
" noth   go   chang       wednesday. if acta   gone   far,... w/   :)",-0.334584286895
 #flexthursday   thursday. come kick it with us on thursday ,0.243461765987
 what   dramat week   race :-),0.595634984067
 find us   arrington 11/3   5pm... bring   blanket   cozi       wine   jazz  :),0.0615968569966
 id want santi/5tv/polivi/theo   start tomorrow :),0.0693025711891
 #ncst they extend   lead     lorenzo trey 11-point     2nd half     : ),-0.100199598819
 interview   vow fm tomorrow morning... do hear   kid  !  :),0.0914124781737
" slap shot: nash, back   injuri davo ",-0.0261906600051
 bring   picnic...  blanket...  cozi       wine   jazz  :),0.00581096916808
"       parti stairs, 27 septemb 2012 : )",0.514515412778
 edsal gotta play   gregg william song     locker room     game tomorrow.  :),0.173312794214
" friday, octob 19 -:  : )",0.42463680416
" whew, long day unpack   turner house. now   movi     honey. how   saturday going? :)",0.297453848608
 irish sunsport tuesday: r. kean :-),-0.0762323892835
 slapshot: someth someth  ,-0.638697187776
" major     person     restor   sunday     follow areas: burton, connu, height ",0.0521362328308
   ad   video   @youtub ?  ,0.103240156953
 octob 1967. #cuba1967 :(,0.354554585234
 in   sport world kenseth ...avoid pile- .. dega : ),-0.275544048597
 i   vost   1st ladi       coast 2 coast mixtap 224 host   kendrik lamar. @messengerlady7 :),-0.134322427301
 cbs say comment :-),-0.89645926005
 get     vote tomorrow   wi rt @ fleebagg     face  : (,-0.0352768502726
 let go saints: saint 7th round :(,0.1661734287
" late friday meet       clear air, say bjp: ... ",-0.16984194262
 @ @ they hold 4 titles. they      thi   four :(,0.0920037290271
" what   dramat weekend   racing! ...     rain, 7 pm et  :-)",-0.178370432344
 look       goon tape   rocket... do... i got beat     shat   brodi ,0.039901819778
" octob 27, 1962.... u2 warfar   cuba... missles... #cuba1962 :(",-0.138030067058
 interview   vow fm tomorrow. do tune     hear   kid   #vowfm #ewbwt :),-0.0154837180912
 bueno aires--argentina last wednesday approv   lower legal age   vote   16   move    ...  : ),-0.278124010206
 anyon want robert sanchez ticket     14th   octob get   touch... i   coach   entri ,-0.0998216864592
 #teamturbayd wouldnt     better       april ,0.253292453178
 i hope melissa mccarthi get   emmi tonight.  ,0.406384226425
 my xbox live end tomorrow gears3   day! hit    !!!  :(,0.00668974027286
 interview   vow fm tomorrow...hear   kid  !!! :),-0.0632739236019
" @ri  , ok well  '    come back   dalla tonight ",0.192417642729
 cbs say     make   last appear   60 minut :-),-0.265644375784
   hold 4 titles. there   load    . but thi hold   highest regarded. :(,-0.450987318698
 my xbox live end tmrw mw3   gear 3. hit      :(,-0.235334719334
" #everton news, krul   miss   activ   everton     least   couple...-croniclel... ",-0.33129249944
 #ncst extend   biggest game     lorenzo brown trey : ),0.11270664846
 anyon think   go  ... next saturday? @patriciacross   i might     ,0.00177602166277
 cbs comment say     make   final appear     sunday  week show  :-),0.323093405137
 get     vote   wi tomorrow!... : (,0.0660894267544
     vote   1st ladi   :),-0.201387407329
 beuno aires: argentina vote   approv   law   could lower   vote age   16  : ),-0.115686355177
 vok may return   boston     job. vok-may-return- -boston- - -job- -sox : (,-0.584513902293
 #ncst ext   biggest game : ),0.026279115817
 find us   arrington 11/3 bring   picnic..br   blanket...  cozi     wine   jazz :),0.0615968569966
 vanilla bean ice cream sandwich   ganach  :),0.796387337513
 anyon want roger sanchez ticket     9th i   coach   entri ,-0.166080906182
 edsal gotta play   greg william tape     locker room :),0.014689547004
 my tv   told     go   tonight     social   stay   tomorrow     oliv garden. mhmm. ,0.0689028376441
   saw aka phonejack aka rubber dingi ,1.89499962618
 noth   gonna chang       wednesday. :),-0.354965734344
 late friday meet       clear air ,0.28591102217
 anyon want   ticket   v-club .     coach   ,0.0707762527304
" major     custom     restored: burton, conneaut ",-1.68851931227
 #media #ru klitschko   big hit   ukrainian voters: kiev #obama :-),-0.321087087049
 nd may retir soon :(,-0.349354616291
 look       good tape drop tomorrow watchdog ,0.141624196694
 entourag   go   eagl train camp   @kevinmcan  ... ): : (,-0.449171617381
 cbs say comment andi rooney   make   final 60 minut show appear ... :-),0.0627982724598
 in   sport world... 500 someth someth dega someth : ),-0.534013691548
" octob 17, 1962 sent warhead   #cuba1962  :(",0.354554585234
" real madrid   call   seven-year-old argentin boy, spokesperson call   monday ",-0.368482376119
 jennif aniston believ   regular sun exposure~ check    !...  :),0.161629451201
" noth   go   chang       wednesday -   atca went   long w/    canned, might   well finish   season w/   :)",-0.156856261468
" real madrid   sign   seven-year-old argentinian boy, confirm   ... yesterday ",-0.223418148543
 look       goon tape drop   tomorrow ,-0.169986018609
 @yo_navaz   go         nov 15 show something? free session   go     bananas. ,0.51024609833
   want tv 5   start omorr :),0.00536786839004
 i saw novak aka phonejack aka   guy   four lions. i said  ,0.49437526576
 find us   arrington   11/3   5pm bring   picnic...   blanket... cozi       wine   jazz  :),-0.0111675046337
 real marid   sign   seven year old boy     club  spoke person   monday ,0.302056107948
 in   sport kenseth win avoid 25 car pile   : ),0.0639791450676
 you go         session nov 15? free session     bananas. open         locals. ,0.285037850345
 i ad   @youtub playlist  ,0.508705265061
 jennif aniston enjoy real sun exposure~ check      :),0.355131783866
 # monday night clash ,-0.0154138176612
 bueno aires-- argentina vote   pass   law   would lower   drink age   16...     vote   would  ...  : ),-0.209742334
 late friday meet bjp       start ...#new ,-0.178465125987
 found   limit edit   midnight sun. but sinc b2st   releas anoth album i     bu   5th minialbum :-),-0.0597975615671
 jason varitek may return   boston   flashplayer/ varitek-may-return- -boston- -job : (,-0.309860830126
 blimey! we     star guest     radio horton show tomorrow morn   10  .... marleeeene!  : (,0.162078781378
 i     see   tweet ,0.128528565118
 jason varitek may return   boston   job   - flash player someth something...  : (,-0.252901121854
" friday, octob 19th - : )",0.806283611356
 vanilla bean ice cream sandwich   chocol ganache- chandler may  :),0.11402639958
" find us   arrlington today. cosi     blankets, wine   jazz :)",0.0396050567913
 found   limit edit   midnight sun :-),-0.200768620743
 #ncst externd   biggest  : ),0
 record     line   world cup race resum - fabio..russia..portug :-),-0.280139573533
 at   vitali parti   odessa 27 septemb 2012 : ),0.310330321795
 my tv   told     go   tonight     social   stay   tomorrow     oliv garden. mhmm ,0.0689028376441
 *blank page* ,0
 in   sport world kenseth avoid   25-car pile    : ),-0.262203597318
 entourag   eagl train camp   @   @  : (,-0.498153839456
 at   vitali someth parti : ),-0.26927633961
 @ @ anyon think   go   chesterfield next saturday v @   i might     ,0.0625762162263
