 rememb   rsvp     free writer workshop next thursday   rosann bane. rosann     creativ coach &...  :(,-3.82130637868
 7-year-old sign   real madrid     start septemb 6th   announc   @sportscenter... # ? :-(,-2.05909734385
 #media #us #ru klitschko   big hit   ukrainian voters: kiev (afp) - ukrain prepar saturday...  #eu #uk #obama :-),-0.0753209729784
" rt @quizderek: elvi presley 34th death anniversari     aug 16. 14 aug, today     independ day   pakistan. ",-0.76781205871
" we     search   card section manag   muscat, oman. if interest   may appli @ -3088-card-section-manager.html ",-4.72066968316
 @yo_navaz you go         nov 15 show   tic   vans? robbi   hype   night     locals. free session     bananas. ,-3.04226319085
" @ptmediaweb we mani     get watch   nhl games,       watch evgeni malkin   alex ovechkin     khl! _/id/8466483/seven-kontinental-hockey-league-games-slated-espn3-octob :-(",-2.45897806158
 record     line   world cup race resum - fabio capello russia face portug     pick   friday 2014 fi...  :-),-1.81677049662
 uconn confirm 2 p. . press confer tomorrow   gampel   discuss futur     men basketbal program. :-(,-5.33013473998
 irish sunsport tuesday: robbi kean ralli   troop ahead   vital faro clash @noriordan #roi :-),-1.5684227055
" friday, octob 19th - talib kweli: idl warship   res     adrienn arsht center!  : )",-3.92838768784
 the fall career fair     wednesday 10/10     murphi center   10 -2pm. free     mtsu student  ...  ,-4.24998243559
 this saturday! come see     like   train     nfl combin   bodi space fitness. click   link  ...  : ),-2.19982451545
 jason varitek may return   boston   job   - flash player instal -varitek-may-return- -boston- -job- -sox/ : (,-1.35240636505
 inbetween   ben   jerri tonight i think ! : (,-2.26709933794
 find us   arrington   saturday 11/3   5pm... bring   picnic...   blanket...   cozi       wine   jazz  :),-1.89013119852
" saya mengirim 166 foto di facebook dalam album java jazz     move, supermal karawaci  :)",-3.3049793383
 georg zimmerman made   first appear   public   friday         wife shelli       hide  ...  ,-0.916460443411
" ryan reynold may   back     prequel   sequel   safe house,     without denzel washington. script       works. :-(",-1.05643471809
" @rob strong @charcyb anyon think   go   chesterfield next saturday, edgar david v lui boa-morte!? @patriciacross & i may     ",-0.954757898468
 look       goon tape   rocket droppin tomorrow   underdog do win   yung brode i got beat       shit dont stop! #wescoa ,-2.62022002163
" get     vote   wi tomorrow! rt @michellemalkin: wisconsin recall, part two: fleebagg face   music  : (",-1.14530448423
 omg. random bel ami tv spot - canada - itll   premier     movi network novemb 23rd  :(,-2.59504178724
" ive got one ticket     michael jackson tribut gig   sale   oct 8th dm @pinkysibb   details,pleas rt! ",-2.80115218737
 cofield draw leadoff walk   top 4th. zaharion     plate. ,-1.8515756484
" today   nation kiss day, ill     make       loss tomorrow ",0.0707345449092
 jennif aniston believ   regular sun exposure~check    !...  :),-3.17902484041
 #teamfollowback beirut (reuters) - the intern committe     red cross said   thursday  ...  #ff @kaijzer :),-3.03167374739
" cloud comput   big data strategy: in   ceo power panel     10th intern cloud expo, moder b...  : (",-2.72335730812
 the pack ride     7th stage     70th edit     paris-nic cycl race run   s / ,-2.2342098644
" whew, long day unpack   turner house. now   movi   knit     honey. how   saturday going? :)",-5.00469721906
 in   sport world kenseth avoid 25-car pileup   win   dega: daytona 500 winner matt kenseth   sunday   ...  : ),-2.05814654819
" late friday meet       clear air, say bjp   day later: sourc said   rumour   gadkari quit might   started... #new ",-1.29724091338
" wildcat rosters, includ   8th grade girl roster,     updat     ....  :-(",-1.52680672828
" major   custom     follow area     restor   sunday night: burton, chardon, conneaut, eastlake, mayfield hts, mentor ",-2.89211731985
 hold  !! i cant make plan   tomorrow.. tomorrow   game time.. 30pm >.> knick vs heat.. ,-2.02832701281
 bueno aires--argentina late wednesday approv   law   lower   legal vote age   16     move   could   ...  : ),-1.79094868923
 mommi bday     17th.... not sure     get   yet ,-1.12066582077
" huntzing struggl     5th, give   first 2 bbs   outing, strand   runner w/ fli     #9 hitter, sanchez. #seadog   1-0 ",-3.17987917783
" colt owner jim irsay   donat $64,753   @indystatefair victim fund. that #   ticket distribut   tonight game. ",-4.71495225958
 save   date: the world bank new do busi report       octob 23 ,0.0665309441881
" it nov 2   book swap,     4th! but youll work         follow   link! : )",0.247640003054
" parson also confirm w/ tw report abt jlin popularity, also promis hell visit taiwan next yr -sp10.htm?slots=al :(",-2.08956215465
" muchoforex new post - util stocks, includ kinder morgan, make big move   august 17.... read        :)",-0.476237928248
 ac milan readi   make januari move   chelsea full-back ashley cole: san siro side want stamford bridg defend...  ,-3.66610453227
 probabl gonna spend   night watch   one episod   merlin   load     whole   naruto shippuden season 7. ,-0.0796849464879
 a leonard cohen   jeff buckley album     time   black friday? #buymethat ,-1.02593484459
" starkville, ms! come     tomorrow night   rage   rick cafe   weve got   pair   ticket   give away....  :)",-1.75237507715
" bye clemson go back   greenville,   back   monday morn   sunday night. no game     weekend. : )",-0.793653035004
 it   5=30  . .     morn   new york. expect develop   next 4 hours. mrs gandhi must     woken  . :(,-1.32212305081
 malkin play thursday: quotepenguin center evgeni malkin   set   play   first game     season ...  #hockey : ),-0.976560712861
 final destin 5 open   friday. tell us     closest brush   death     chanc   win   pair  ...  :-(,-2.43112368251
 watch   brilliant rick stein make paella   saturday kitchen live.... : (,-1.13725952139
" rememb everyon    : all   member   anonymous,   rebels,   support     gunpowd plot: wear   mask novemb 5th. ",-3.4220071971
" real madrid   sign   seven-year-old argentin boy,   spokesman     club confirm   monday  ",-2.00015009924
" noth   go   chang       wednesday. if acta   went   long w/    canned, might   well finish   season w/ . :)",-0.156856261468
" at   vitali klitschko parti udar meet   odessa, near potemkin stairs. 27 sep 2012  : )",-1.46554339241
 two dem incumb face recal challeng tonight   wisconsin. @davecatanes rais   curtain: . :-(,-2.41436245911
" alright go   bed, gotta long weekend. work friday   saturday   @carrieunderwood   @hunterhay sunday night   greensboro :)",-0.309975401535
" id want mannone,jenks/sagna,per,kos,tv5,coq,arteta,santi,theo/gnabry,giroud,poldi   start tomorrow :)",-1.97321245454
 cbs say comment andi rooney   make   final week 60 minut appear     sunday edition:  -ras :-),-0.7524505011
 let go saint saints: saint 7th round pick ot marcel jone   nebraska     nfl combin : saints: saint 7 ... :(,-3.40415751704
" this   buffon 122nd cap   italy,     4 behind maldini   2nd   14 behind   leader, cannavaro. #legend ",-1.42517529789
 take   trip   wichita state tomorrow w/   littl brother. ani alumni/wichitan   recos? #sarcasmnotwelcom :(,-0.790440484913
" uefa women champion leagu update, includ @yael_averbuch score     game   lot   americans: -champions-league-round- -16-update-oct-31/ :-(",-1.4540027339
" win ticket   see manchest citi v ajax   ford!: source:  --- thursday, novemb 0...  #mcfc :-(",-1.50658045637
 rip   capt. walbridg   #hmsbounty. fair wind   follow sea wherev   may    : ),-4.14966542337
 interview   vow fm tomorrow morning... do tune     hear   kid  !!! cc @vowfm @ewbwit :),-0.93223515679
" #redsox saltalamacchia     4th catcher   hit 16+ hr   back- -back season   bos. others: carlton fisk, rich gedman, jason varitek. ",-4.65994229849
" whi doesnt obama   sign   execut order   declar   u.s.   aaa rating? i mean, cmon? :)",-6.00479908923
 entourag   go   eagl train camp tomorrow   @kevinmcan   @jimbolosoldi : (,-2.15627050085
" what   dramat weekend   racing! #crunchtimeatkansas, huge comeback   nns,   1st-time #meconspe winner   @motogp     rain. 7pm et. :-)",-4.92343285178
 #everton news - krul   miss   monday night clash   everton     least     coupl   ... - chroniclel...  ,-0.97490719464
 my tv   told     go   tonight     social   stay   tomorrow     oliv garden. mhmm. ,-2.56149493665
" elon univers color   maroon   gold. we want   see   green, white   orang tomorrow   70.  : )",-3.00449707665
" #ncst extend   biggest lead     game     lorenzo brown trey. up 11 pt, 47-36, mid 2nd half! : )",-3.46275056884
 vanilla bean ice cream sandwich   chocol ganach - chandler may  :),-6.77701744172
" guy   trayvon martin case doesnt start til june 10,twenti thirteen!!! #steep #graduat ",-2.10375371827
" im go   bullet   my valentin   o2 academi glasgow   glasgow, unit kingdom - mar 13  ",-3.51687904864
" from       commentari     fm one game... am & dab    . so tonight everton vs #sufc     fm, blackburn vs #swfc   am & dab : )",-2.7558267633
 i hope melissa mccarthi get   emmi tonight. ,-4.03748023586
 anyon want roger sanchez ticket   v-club     19th   octob get   touch     coach   entry...  ,0.051941851014
 didnt   49er learn     nfc championship game back   january? ,-2.27851650346
 fun friday:   long process   elementari school children march along   ring road   iqaluit   around 3:15...  :-),-1.49223132109
 playoff weekend start tomorrow. knick vs. miami. and   know  ! : ),0.305656104119
 just wit   1st ever black king   endymion :),-0.245802542705
 @real_liam_payn i want     know       argentina   go   make   direction fest 10 novemb te amo te amo te amo! :-(,-2.69021895308
" #forb the nyse, nasdaq       us stock market   made   wise decis   take rain day   monday  ...  ",-1.89130496514
" wppi   vega bound,           tomorrow   50am, s.o.l....mayb catch   zzs     plane. : (",-2.95328584767
 edsal gotta play   gregg william tape     locker room     game tomorrow. :),-1.23503891445
" @letmeri   ok, well im   come back   dalla tonight ",0.192417642729
" food fact     day: sept 9, 1890 harland sander   born near henryville, indiana. founder   kentucki fri chicken restaur chain. : (",-4.01732507984
 found   limit edit   midnight sun. but sinc b2sts oppar   go   work     new album. im   go   buy   5th mini album :-),-1.52267227833
 @mickrathbon       think   happen   everton   mick   today speech   bill? ,-0.767268592372
" want       happiest babi     block? come   whole food   westport, ct wednesday may 9th @ 70   hear maryann farrel ",-0.965077489114
" rt @jessespector: name   may know   lokomotiv roster: pavol demitra, kar skrastins, karel rachunek, ruslan salei, josef vasicek ",-4.79314933687
 tts   particip     love   asia tomorrow (2/11)   20pm(kst).kbs   broadcast   program   3/11   70pm(kst)   kbs world :),-1.05421857881
 so kendrick lamar 1st week project sale iz 242k. that wassup     artist differ     norm       kind   numbers. ,-2.04314526531
 my roommat go   eastern tomorrow. : ),-0.399100077464
 blimey! we     star guest     radio horton know your busi show tomorrow   10 . marleeeene! pic.twitter.com/gakhupix : (,-2.32301118294
 rock     machin gun kelli tomorrow night! #tiwia #wildboy :(,-0.272812149272
 how     @detroitlionsnfl gettin   recognit 10/10/2011   lion play   monday night footbal ,-1.58756918244
 @teamtorbayj wouldnt     better       april half term cuz eurosong mean noth   uk ppl ,-1.32928311378
" #web appl software, retail chief     overhaul: san francisco (reuters) - appl inc ceo tim cook   monday replac   head   ... :)",-2.25377699376
" #flexthursday !! dis thursday!!!!!wit @flexcrewgotti @da crow nest we calln out da whol souf kum kick   wit #pinkcity!, ",-4.67942062067
" name     shortlist 4 interview manyatta constitu   iebc, r pin     iebc notic board embu town.interview   fri & sat :)",-2.90247605568
 octob 27 1962: u2 aircraft stray   siberia. usaf interceptor sent   protect arm   nuclear warhead #cuba1962 :(,-5.61952686055
  i   vote   1st ladi       coast 2 coast mixtap 224 host   kendrick lamar! @messengerlady7 :),-2.34241494159
" slap shot: nash, back from injury, skate   davos: rick nash     new york ranger return   action   switzerland   tuesday. ",-1.91445624252
 me & amanda go   new orlean   februari   mardi gras <3333 :-(,-4.76161225198
" - joseph princ (fb):when   problem       hands,   weight     burden may   crushe...when  ...  ",-2.71577369016
" red band end of watch trailer arrives: gyllenha   pena vs.   world back   earli may,   green band theat...  ",-1.43943180087
" @sarahjenn 2nd   ryan budget     mani year ago,   recent didnt includ     mitt said mani time hes   presid  .. :-)",-1.96896682932
" psn tuesday: assassin creed 3, okami hd: you   buy     assassin creed     handl   psn tod...  _ _!) :-(",-0.211238170835
 just like   final shot       shining. rembrandt may   paint john belushi. /?id=168490986. #rembrandt #belushi ,-4.17926173474
 today   day 1     festiv   india   bali (  1- 4 november)! get   ticket   arma...  ,-1.86962434899
 buzzer beater jump shot   parker. on   primetim thursday game...no way   can happen! how great     nba?!?! : ),-0.778510895066
  ,0
" i ad   video     @youtub playlist ?  franci m. - histori     diseas - march 7, 20 ",-2.95685890246
 @jackwilliams89 @akerr0   hold 4 titles. there   load    . but thi hold   four highest regarded. nd vitali may retir soon... :(,-2.86209122076
 bmp   come     volstead! grand open hh   fri 5-9. what     gonna order first? :),-1.0364619324
 new barcelona player alexi sanchez yesterday left chile   travel   barcelona. tomorrow hell train     first time. #fcblive [via efe] :-),-2.06607541635
 marvel phase two kick off   iron man 3 trailer   octob 23rd  #featur #hype #movienew :-(,-2.83768595477
" on   set     axi     nigerian economy, air everi tuesday 80pm   nta intern (dstv)  :(",-2.18847816307
" @yahoonois i     go romo,       peyton   i got     #10th round. i think i   draft   elementari children. :(",-0.456077354149
" gotta get   liver/kidney readi   saturday -- cinco de mayo! or,   i call  , nation margarita day #2. ",0.099266194139
 my xbox live end tomorrow  mw3   gears3   day! hit    ! :(,-2.5392852306
 check     senior bowl 1st scouter delight: -sept1.pdf ,-1.77700001104
 police:       right   remain silent.   ever   say may   hel     me: harri style : ),-2.50616495644
 nooooooooo   seen   fa cup 3rd round     day i go ski #peak :),-2.38463323642
 i saw kayvan novak tonight aka phonejack aka   guy     film four lions. 1st thing i said       rubber dingi rapid brudda ,-1.49554373882
 christian isnt     sunday thing : ),-0.561885319982
